stock_id,date,open,high,low,close,volume
1572,2016-05-27,5.840000,5.930000,5.710000,5.890000,298100
1572,2016-05-31,5.930000,6.240000,5.829000,6.130000,462400
1572,2016-06-01,6.090000,6.130000,5.970000,6.030000,427800
1572,2016-06-02,6.000000,6.200000,5.997000,6.180000,375800
1572,2016-06-03,6.170000,6.180000,5.950000,6.120000,334500
1572,2016-06-06,6.170000,6.250000,5.980000,6.240000,526900
1572,2016-06-07,6.230000,6.230000,6.080000,6.150000,277800
1572,2016-06-08,6.150000,6.180000,6.000000,6.080000,318700
1572,2016-06-09,6.180000,6.194000,5.978000,5.990000,394600
1572,2016-06-10,5.880000,5.980000,5.800000,5.850000,466800
1572,2016-06-13,5.790000,5.980000,5.790000,5.870000,378500
1572,2016-06-14,5.850000,6.040000,5.562000,5.710000,492800
1572,2016-06-15,5.730000,5.902000,5.630000,5.810000,434500
1572,2016-06-16,5.750000,5.965000,5.670000,5.930000,302200
1572,2016-06-17,5.940000,5.940000,5.710000,5.740000,579300
1572,2016-06-20,5.820000,5.990000,5.760000,5.880000,353100
1572,2016-06-21,5.910000,5.940000,5.560000,5.650000,319900
1572,2016-06-22,5.650000,5.800000,5.520000,5.680000,388100
1572,2016-06-23,5.730000,5.890000,5.670000,5.880000,267200
1572,2016-06-24,5.580000,5.780000,5.280000,5.470000,1323500
1572,2016-06-27,5.420000,5.450000,5.080000,5.140000,577600
1572,2016-06-28,5.110000,5.400000,5.110000,5.310000,449200
1572,2016-06-29,5.370000,5.460000,5.250000,5.410000,351800
1572,2016-06-30,5.390000,5.500000,5.280000,5.320000,357300
1572,2016-07-01,5.290000,5.580000,5.290000,5.500000,284700
1572,2016-07-05,5.430000,5.490000,5.325000,5.370000,235100
1572,2016-07-06,5.360000,5.620000,5.340000,5.480000,325100
1572,2016-07-07,5.490000,5.600000,5.400000,5.560000,271000
1572,2016-07-08,5.600000,5.740000,5.560000,5.730000,431600
1572,2016-07-11,5.760000,5.880000,5.680000,5.770000,359100
1572,2016-07-12,5.810000,5.980000,5.776000,5.850000,336800
1572,2016-07-13,5.860000,5.920000,5.600000,5.600000,304800
1572,2016-07-14,5.650000,5.710000,5.517000,5.540000,235500
1572,2016-07-15,5.580000,5.870000,5.540000,5.810000,350700
1572,2016-07-18,5.800000,5.900000,5.740000,5.890000,288900
1572,2016-07-19,5.880000,5.940000,5.580000,5.600000,231200
1572,2016-07-20,5.610000,5.800000,5.610000,5.730000,417400
1572,2016-07-21,5.740000,5.850000,5.480000,5.580000,465900
1572,2016-07-22,5.580000,5.750000,5.520000,5.650000,193200
1572,2016-07-25,5.650000,5.685000,5.500000,5.650000,235200
1572,2016-07-26,5.640000,5.825000,5.540000,5.750000,312500
1572,2016-07-27,5.760000,6.040000,5.760000,6.010000,451900
1572,2016-07-28,6.020000,6.120000,5.900000,5.980000,328500
1572,2016-07-29,6.000000,6.021000,5.890000,5.960000,271800
1572,2016-08-01,5.970000,6.090000,5.788000,5.860000,581000
1572,2016-08-02,5.850000,5.940000,5.640000,5.740000,382900
1572,2016-08-03,5.660000,5.990000,5.660000,5.890000,435400
1572,2016-08-04,5.910000,5.980000,5.840000,5.900000,324700
1572,2016-08-05,5.920000,6.050000,5.880000,5.990000,531000
1572,2016-08-08,6.010000,6.066000,5.780000,5.900000,281800
1572,2016-08-09,5.860000,6.440000,5.500000,6.390000,2022100
1572,2016-08-10,5.920000,6.000000,5.610000,5.830000,1134700
1572,2016-08-11,5.830000,5.850000,5.680000,5.740000,432700
1572,2016-08-12,5.720000,6.030000,5.680000,5.960000,553700
1572,2016-08-15,5.930000,6.180000,5.925000,6.120000,651200
1572,2016-08-16,6.080000,6.297000,6.070000,6.170000,646100
1572,2016-08-17,6.140000,6.350000,6.090000,6.340000,577200
1572,2016-08-18,6.670000,7.200000,6.600000,7.060000,3047800
1572,2016-08-19,7.140000,7.730000,7.000000,7.500000,2233500
1572,2016-08-22,7.580000,8.000000,7.400000,7.750000,1316300
1572,2016-08-23,7.830000,8.220000,7.820000,8.080000,1589700
1572,2016-08-24,8.200000,8.220000,6.680000,6.890000,3090400
1572,2016-08-25,6.950000,7.300000,6.700000,6.880000,1282000
1572,2016-08-26,6.870000,7.110000,6.820000,6.950000,737200
1572,2016-08-29,6.830000,6.950000,6.600000,6.890000,767200
1572,2016-08-30,6.830000,7.470000,6.830000,7.080000,1073700
1572,2016-08-31,7.030000,7.130000,6.730000,6.930000,923900
1572,2016-09-01,6.850000,7.083000,6.825000,7.060000,465700
1572,2016-09-02,7.120000,7.315000,7.010000,7.150000,504400
1572,2016-09-06,7.090000,7.370000,7.090000,7.160000,528100
1572,2016-09-07,7.200000,7.360000,7.100000,7.340000,550400
1572,2016-09-08,7.240000,7.750000,7.240000,7.650000,873600
1572,2016-09-09,7.660000,7.660000,7.130000,7.160000,838100
1572,2016-09-12,7.010000,7.280000,6.800000,7.220000,1080600
1572,2016-09-13,7.120000,7.200000,6.870000,6.940000,653700
1572,2016-09-14,6.920000,7.220000,6.890000,7.060000,605100
1572,2016-09-15,6.970000,7.240000,6.930000,7.140000,566000
1572,2016-09-16,7.110000,7.270000,7.020000,7.080000,1467100
1572,2016-09-19,7.100000,7.250000,7.030000,7.080000,503500
1572,2016-09-20,7.190000,7.590000,7.160000,7.360000,770600
1572,2016-09-21,7.360000,7.480000,6.980000,7.210000,800800
1572,2016-09-22,7.290000,7.336000,7.040000,7.270000,567000
1572,2016-09-23,7.270000,7.360000,7.160000,7.220000,363500
1572,2016-09-26,7.150000,7.220000,7.030000,7.040000,432900
1572,2016-09-27,7.070000,7.241000,7.010000,7.130000,450900
1572,2016-09-28,7.130000,7.200000,6.830000,7.040000,667000
1572,2016-09-29,8.050000,8.090000,7.200000,7.300000,6609200
1572,2016-09-30,7.570000,7.720000,7.250000,7.350000,1762700
1572,2016-10-03,7.470000,7.490000,7.120000,7.180000,1007300
1572,2016-10-04,7.200000,7.400000,7.095000,7.290000,765700
1572,2016-10-05,7.340000,7.740000,7.250000,7.520000,930200
1572,2016-10-06,7.450000,7.479000,6.950000,7.030000,1557600
1572,2016-10-07,7.020000,7.096000,6.800000,7.040000,964100
1572,2016-10-10,7.200000,7.280000,7.100000,7.240000,632600
1572,2016-10-11,7.160000,7.220000,6.870000,6.950000,664600
1572,2016-10-12,6.910000,7.100000,6.810000,6.820000,573800
1572,2016-10-13,6.760000,7.090000,6.750000,6.950000,673000
1572,2016-10-14,6.970000,6.990000,6.640000,6.640000,691600
1572,2016-10-17,6.610000,6.690000,6.430000,6.590000,510200
1572,2016-10-18,6.680000,6.720000,6.590000,6.650000,364700
1572,2016-10-19,6.640000,6.730000,6.520000,6.650000,383000
1572,2016-10-20,6.600000,6.850000,6.600000,6.830000,617500
1572,2016-10-21,6.760000,6.860000,6.680000,6.700000,324900
1572,2016-10-24,6.720000,6.759000,6.520000,6.560000,363300
1572,2016-10-25,6.510000,6.590000,6.300000,6.330000,388700
1572,2016-10-26,6.280000,6.435000,6.130000,6.150000,480900
1572,2016-10-27,6.150000,6.280000,6.000000,6.040000,452100
1572,2016-10-28,6.000000,6.080000,5.800000,5.865000,625900
1572,2016-10-31,5.830000,5.927000,5.640000,5.800000,471900
1572,2016-11-01,5.800000,6.040000,5.770000,6.020000,590800
1572,2016-11-02,6.030000,6.060000,5.830000,5.840000,590200
1572,2016-11-03,5.890000,5.900000,5.560000,5.585000,756200
1572,2016-11-04,5.550000,5.750000,5.550000,5.680000,612000
1572,2016-11-07,5.780000,6.040000,5.680000,5.870000,714400
1572,2016-11-08,5.820000,6.180000,5.820000,6.110000,765500
1572,2016-11-09,4.820000,5.500000,4.150000,4.200000,6462800
1572,2016-11-10,4.240000,4.345000,4.090000,4.300000,2321200
1572,2016-11-11,4.400000,4.560000,4.140000,4.180000,2415300
1572,2016-11-14,4.250000,4.555000,4.250000,4.420000,1885500
1572,2016-11-15,4.440000,4.770000,4.380000,4.730000,985700
1572,2016-11-16,4.730000,5.010000,4.400000,4.440000,1608800
1572,2016-11-17,4.450000,4.590000,4.386000,4.510000,689000
1572,2016-11-18,4.550000,4.610000,4.400000,4.420000,879800
1572,2016-11-21,4.440000,4.470000,4.220000,4.350000,1303300
1572,2016-11-22,4.390000,4.560000,4.370000,4.440000,1891200
1572,2016-11-23,4.490000,4.550000,4.250000,4.490000,1711700
1572,2016-11-25,4.460000,4.700000,4.400000,4.670000,571300
1572,2016-11-28,4.670000,4.670000,4.410000,4.460000,1394100
1572,2016-11-29,4.460000,4.500000,4.370000,4.390000,3039300
