id,stock_id,triggered_at,signal_date,signal_name,trigger_price,snapshot,read_at,archived_at,emitted_at
10586,272,2026-06-02 22:30:18.649743+00,2026-06-01,high52_momentum,142.5900,"{""tone"": ""bull"", ""strength"": 85, ""probability"": 55, ""chain"": [{""date"": ""2026-06-01"", ""label"": ""Vicino al massimo 52 settimane"", ""detail"": ""prezzo a 99.5% del massimo a 52w""}, {""date"": ""2026-06-01"", ""label"": ""Trend rialzista"", ""detail"": ""EMA lunga in salita: momentum confermato""}, {""date"": ""2026-06-01"", ""label"": ""Conferma breakout/volume"", ""detail"": ""momentum corroborato da rottura o spike di volume""}, {""date"": ""2026-06-01"", ""label"": ""Higher-low confermato"", ""detail"": ""struttura a conferma della continuazione"", ""kind"": ""confirmation""}, {""date"": ""2026-06-04"", ""label"": ""Candela di rifiuto"", ""detail"": ""pattern morning_star"", ""kind"": ""confirmation""}, {""date"": ""2026-06-08"", ""label"": ""Trend ADX in rafforzamento"", ""detail"": ""ADX conferma la forza del trend"", ""kind"": ""confirmation""}], ""factors"": {""proximity"": 0.7627617801047138, ""trend"": 1.0, ""momentum"": 0.9881805157593124, ""confirmation"": 1.0, ""trend_maturity"": 1.0, ""confirmation_count"": 1.0}, ""invalidation"": {""level"": 87.41, ""reason"": ""rottura del minimo a 52 settimane""}, ""sources"": [""George & Hwang, \""The 52-Week High and Momentum Investing\"" (J. Finance 2004)""], ""annotations"": {""levels"": [{""label"": ""Max 52 settimane"", ""price"": 143.25, ""kind"": ""resistance""}, {""label"": ""Stop / invalidazione"", ""price"": 87.41, ""kind"": ""stop""}], ""points"": []}, ""atr"": 3.0050961873118425, ""horizon"": ""long"", ""first_emitted_at"": ""2026-06-02T22:30:18.649743"", ""amended_at"": ""2026-06-09T13:39:51.710407+00:00"", ""first_price"": 141.28, ""first_atr"": 3.0050961873118425, ""first_invalidation"": {""level"": 87.41, ""reason"": ""rottura del minimo a 52 settimane""}, ""first_horizon"": ""long"", ""first_strength"": 85, ""first_factors"": {""proximity"": 0.7627617801047138, ""trend"": 1.0, ""momentum"": 0.9881805157593124, ""confirmation"": 1.0, ""trend_maturity"": 1.0, ""confirmation_count"": 1.0}, ""first_contesto"": {""versione"": ""1"", ""ret_1"": -0.00918718, ""ret_5"": 0.00163063, ""ret_21"": 0.0560622, ""ret_63"": 0.197796, ""ret_126"": 0.260303, ""ret_252"": 0.594402, ""atr_pct"": 0.0216289, ""dist_sma20"": 1.53237, ""dist_sma50"": 3.26429, ""dist_sma200"": 7.84678, ""atr_rank"": 0.821429, ""rsi14"": 64.8415, ""dist_hi252"": -0.018514, ""dist_lo252"": 0.616291, ""vol_ratio"": 1.06272, ""vol20"": 0.0107499, ""log_dollar_vol"": 20.0295, ""range_pos20"": 0.891646, ""gap"": -0.00364682}}",,,2026-06-02 22:30:18.649743+00
10585,272,2026-06-01 15:40:03.172737+00,2026-05-22,squeeze_expansion,139.4300,"{""tone"": ""bull"", ""strength"": 62, ""probability"": 48, ""chain"": [{""date"": ""2026-05-21"", ""label"": ""Compressione (squeeze)"", ""detail"": ""Bollinger dentro Keltner: volatilita compressa""}, {""date"": ""2026-05-21"", ""label"": ""MACD cross rialzista"", ""detail"": ""incrocio MACD nel verso del segnale"", ""kind"": ""confirmation""}, {""date"": ""2026-05-22"", ""label"": ""Espansione bull"", ""detail"": ""le bande si riaprono: rilascio nel verso del trend""}, {""date"": ""2026-06-01"", ""label"": ""Trend ADX in rafforzamento"", ""detail"": ""ADX conferma la forza del trend"", ""kind"": ""confirmation""}, {""date"": ""2026-06-01"", ""label"": ""Higher-low confermato"", ""detail"": ""struttura a conferma della continuazione"", ""kind"": ""confirmation""}, {""date"": ""2026-06-01"", ""label"": ""Candela di rifiuto"", ""detail"": ""pattern engulfing"", ""kind"": ""confirmation""}], ""factors"": {""tightness"": 0.5345391172802525, ""expansion_strength"": 0.5049250077206138, ""trend_alignment"": 1.0, ""confirmation_count"": 1.0}, ""invalidation"": null, ""sources"": [""Bollinger (2001); TTM Squeeze (Carter, \""Mastering the Trade\"")""], ""annotations"": {""levels"": [], ""points"": []}, ""atr"": 2.7939497436609466, ""horizon"": ""short"", ""first_emitted_at"": ""2026-06-01T15:40:03.172737"", ""amended_at"": ""2026-06-09T13:39:51.710407+00:00"", ""first_price"": 142.59, ""first_atr"": 2.7939497436609466, ""first_horizon"": ""short"", ""first_strength"": 62, ""first_factors"": {""tightness"": 0.5345391172802525, ""expansion_strength"": 0.5049250077206138, ""trend_alignment"": 1.0, ""confirmation_count"": 1.0}, ""first_contesto"": {""versione"": ""1"", ""ret_1"": 0.0226637, ""ret_5"": 0.0247215, ""ret_21"": 0.0611744, ""ret_63"": 0.193521, ""ret_126"": 0.280097, ""ret_252"": 0.600876, ""atr_pct"": 0.0210751, ""dist_sma20"": 2.15051, ""dist_sma50"": 3.93052, ""dist_sma200"": 8.47803, ""atr_rank"": 0.805556, ""rsi14"": 69.717, ""dist_hi252"": -0.00460733, ""dist_lo252"": 0.631278, ""vol_ratio"": 0.917941, ""vol20"": 0.0111138, ""log_dollar_vol"": 20.0096, ""range_pos20"": 1.0, ""gap"": -0.00595281}}",,2026-07-12 23:39:46.192259+00,2026-06-01 15:40:03.172737+00
10587,272,2026-05-26 15:27:47.9321+00,2026-05-22,candle_reversal,139.1500,"{""tone"": ""bear"", ""confidence"": 71, ""chain"": [{""date"": ""2026-05-22"", ""label"": ""Candela di inversione bear"", ""detail"": ""pattern Shooting star""}, {""date"": ""2026-05-22"", ""label"": ""A resistenza"", ""detail"": ""prezzo 139.15 al livello 139.15""}, {""date"": ""2026-05-26"", ""label"": ""RSI ipercomprato"", ""detail"": ""estremo RSI a conferma del segnale"", ""kind"": ""confirmation""}], ""factors"": {""candle_strength"": 0.7125748502994051, ""at_level"": 1.0, ""confirmation_count"": 0.3333333333333333}, ""invalidation"": {""level"": 139.15, ""reason"": ""rottura del resistenza""}, ""sources"": [""Nison - candlestick reversals confirmed at support/resistance""], ""annotations"": {""levels"": [{""label"": ""Resistenza"", ""price"": 139.15, ""kind"": ""resistance""}, {""label"": ""Stop / invalidazione"", ""price"": 139.15, ""kind"": ""stop""}], ""points"": []}, ""atr"": 2.824897003498448, ""horizon"": ""short"", ""strength"": 71, ""probability"": 48, ""first_emitted_at"": ""2026-05-26T15:27:47.932100"", ""amended_at"": ""2026-06-09T13:39:51.710407+00:00"", ""first_price"": 141.05, ""first_atr"": 2.824897003498448, ""first_invalidation"": {""level"": 139.15, ""reason"": ""rottura del resistenza""}, ""first_horizon"": ""short"", ""first_strength"": 71, ""first_factors"": {""candle_strength"": 0.7125748502994051, ""at_level"": 1.0, ""confirmation_count"": 0.3333333333333333}, ""first_contesto"": {""versione"": ""1"", ""ret_1"": 0.0136543, ""ret_5"": 0.0327281, ""ret_21"": 0.0522193, ""ret_63"": 0.21021, ""ret_126"": 0.324911, ""ret_252"": 0.581633, ""atr_pct"": 0.0198631, ""dist_sma20"": 2.2631, ""dist_sma50"": 4.38907, ""dist_sma200"": 8.81236, ""atr_rank"": 0.65873, ""rsi14"": 71.9965, ""dist_hi252"": -0.00423579, ""dist_lo252"": 0.61366, ""vol_ratio"": 1.13569, ""vol20"": 0.0106363, ""log_dollar_vol"": 19.9732, ""range_pos20"": 1.0, ""gap"": 0.00301833}}",,2026-07-12 23:39:46.192259+00,2026-05-26 15:27:47.9321+00
11220,272,2026-05-29 14:04:31.833182+00,2026-05-28,structure_break,140.5600,"{""tone"": ""bull"", ""strength"": 88, ""probability"": 45, ""chain"": [{""date"": ""2026-05-07"", ""label"": ""Struttura di mercato"", ""detail"": ""sequenza di massimi/minimi che definiva il trend""}, {""date"": ""2026-05-21"", ""label"": ""MACD cross rialzista"", ""detail"": ""incrocio MACD nel verso del segnale"", ""kind"": ""confirmation""}, {""date"": ""2026-05-28"", ""label"": ""Rottura struttura bull"", ""detail"": ""chiusura 140.56 oltre il livello protetto 134.70 - rialzista (rotto l'ultimo massimo decrescente)""}, {""date"": ""2026-06-04"", ""label"": ""Trend ADX in rafforzamento"", ""detail"": ""ADX conferma la forza del trend"", ""kind"": ""confirmation""}, {""date"": ""2026-06-04"", ""label"": ""Candela di rifiuto"", ""detail"": ""pattern morning_star"", ""kind"": ""confirmation""}], ""factors"": {""break_decisiveness"": 0.883773355725753, ""structure"": 1.0, ""confirmation_count"": 1.0}, ""invalidation"": {""level"": 134.7, ""reason"": ""ripristino della struttura precedente""}, ""sources"": [""Dow theory / price-action market structure (BOS / CHoCH)""], ""annotations"": {""levels"": [{""label"": ""Livello protetto"", ""price"": 134.7, ""kind"": ""support""}, {""label"": ""Stop / invalidazione"", ""price"": 134.7, ""kind"": ""stop""}], ""points"": []}, ""atr"": 2.8311766446339073, ""horizon"": ""medium"", ""first_emitted_at"": ""2026-05-29T14:04:31.833182"", ""amended_at"": ""2026-06-09T13:39:51.710407+00:00"", ""first_price"": 139.43, ""first_atr"": 2.8311766446339073, ""first_invalidation"": {""level"": 134.7, ""reason"": ""ripristino della struttura precedente""}, ""first_horizon"": ""medium"", ""first_strength"": 88, ""first_factors"": {""break_decisiveness"": 0.883773355725753, ""structure"": 1.0, ""confirmation_count"": 1.0}, ""first_contesto"": {""versione"": ""1"", ""ret_1"": -0.00803927, ""ret_5"": 0.00323788, ""ret_21"": 0.0541317, ""ret_63"": 0.170697, ""ret_126"": 0.277651, ""ret_252"": 0.570158, ""atr_pct"": 0.0200384, ""dist_sma20"": 1.33968, ""dist_sma50"": 3.29476, ""dist_sma200"": 8.06052, ""atr_rank"": 0.666667, ""rsi14"": 63.5837, ""dist_hi252"": -0.0156724, ""dist_lo252"": 0.595126, ""vol_ratio"": 1.83584, ""vol20"": 0.0102389, ""log_dollar_vol"": 19.9974, ""range_pos20"": 0.846445, ""gap"": 0.00398406}}",,,2026-05-29 14:04:31.833182+00
12302,272,2026-06-09 23:10:29.732001+00,2026-06-08,adx_confirmation,141.7800,"{""tone"": ""bull"", ""strength"": 65, ""probability"": 50, ""chain"": [{""date"": ""2026-06-01"", ""label"": ""Higher-low confermato"", ""detail"": ""struttura a conferma della continuazione"", ""kind"": ""confirmation""}, {""date"": ""2026-06-04"", ""label"": ""Candela di rifiuto"", ""detail"": ""pattern morning_star"", ""kind"": ""confirmation""}, {""date"": ""2026-06-08"", ""label"": ""Trend forte (ADX) bull"", ""detail"": ""ADX 38.30909195025268 con DI allineati""}, {""date"": ""2026-06-08"", ""label"": ""Conferma breakout"", ""detail"": ""rottura nel verso del trend""}], ""factors"": {""adx_strength"": 0.7808454635688565, ""di_spread"": 0.5290525483148001, ""breakout"": 1.0, ""confirmation_count"": 0.6666666666666666}, ""invalidation"": null, ""sources"": [""Wilder (1978) ADX/DMI + breakout confirmation""], ""annotations"": {""levels"": [], ""points"": []}, ""atr"": 3.0871888458528054, ""horizon"": ""long"", ""first_emitted_at"": ""2026-06-09T13:25:50.997045"", ""amended_at"": ""2026-06-09T23:10:29.732001+00:00"", ""amend_count"": 2, ""first_price"": 143.25, ""first_atr"": 3.09570392958866, ""first_contesto"": {""versione"": ""1"", ""ret_1"": 0.0103682, ""ret_5"": 0.0139439, ""ret_21"": 0.0977011, ""ret_63"": 0.241119, ""ret_126"": 0.256359, ""ret_252"": 0.586027, ""atr_pct"": 0.0216105, ""dist_sma20"": 1.30374, ""dist_sma50"": 3.02865, ""dist_sma200"": 8.05046, ""atr_rank"": 0.801587, ""rsi14"": 64.1658, ""dist_hi252"": -0.0119327, ""dist_lo252"": 0.638829, ""vol_ratio"": 0.983066, ""vol20"": 0.01071, ""log_dollar_vol"": 20.0198, ""range_pos20"": 0.927221, ""gap"": 0.0093102}}",,,2026-06-09 13:25:50.997045+00
13585,272,2026-06-12 16:57:40.731915+00,2026-06-04,rsi_divergence,142.0900,"{""tone"": ""bear"", ""strength"": 81, ""probability"": 52, ""chain"": [{""date"": ""2026-04-21"", ""label"": ""Primo minimo/massimo"", ""detail"": ""estremo di prezzo iniziale""}, {""date"": ""2026-06-03"", ""label"": ""Candela di rifiuto"", ""detail"": ""pattern evening_star"", ""kind"": ""confirmation""}, {""date"": ""2026-06-04"", ""label"": ""Divergenza RSI bear"", ""detail"": ""prezzo e RSI divergono (setup di inversione)""}, {""date"": ""2026-06-10"", ""label"": ""MACD cross ribassista"", ""detail"": ""incrocio MACD nel verso del segnale"", ""kind"": ""confirmation""}], ""factors"": {""divergence_amplitude"": 0.6905028488935109, ""extremity"": 0.9322295912838361, ""trend_context"": 1.0, ""confirmation_count"": 0.6666666666666666}, ""invalidation"": null, ""sources"": [""Wilder, \""New Concepts in Technical Trading Systems\"" (1978)""], ""annotations"": {""levels"": [], ""points"": [{""date"": ""2026-04-21"", ""price"": 137.92}, {""date"": ""2026-06-04"", ""price"": 144.02}]}, ""atr"": 3.209238590107203, ""horizon"": ""long"", ""regime_at_fire"": ""bull"", ""first_emitted_at"": ""2026-06-12T13:12:41.279881+00:00"", ""amended_at"": ""2026-06-12T16:57:40.731915+00:00"", ""amend_count"": 2, ""first_price"": 143.98, ""first_atr"": 3.1892929786101627, ""first_contesto"": {""versione"": ""1"", ""ret_1"": 0.0133014, ""ret_5"": 0.0111665, ""ret_21"": 0.0665975, ""ret_63"": 0.239391, ""ret_126"": 0.216253, ""ret_252"": 0.607637, ""atr_pct"": 0.0221509, ""dist_sma20"": 1.15872, ""dist_sma50"": 2.72317, ""dist_sma200"": 7.86193, ""atr_rank"": 0.837302, ""rsi14"": 62.0604, ""dist_hi252"": -0.00717142, ""dist_lo252"": 0.64718, ""vol_ratio"": 0.661479, ""vol20"": 0.0128456, ""log_dollar_vol"": 20.0178, ""range_pos20"": 0.995556, ""gap"": 0.0108382}}",,,2026-06-12 13:12:41.279881+00
13586,272,2026-06-12 16:57:40.731915+00,2026-06-04,macd_divergence,142.0900,"{""tone"": ""bear"", ""strength"": 68, ""probability"": 51, ""chain"": [{""date"": ""2026-04-21"", ""label"": ""Primo estremo di prezzo"", ""detail"": ""minimo/massimo iniziale""}, {""date"": ""2026-06-03"", ""label"": ""Candela di rifiuto"", ""detail"": ""pattern evening_star"", ""kind"": ""confirmation""}, {""date"": ""2026-06-04"", ""label"": ""Divergenza MACD bear"", ""detail"": ""prezzo e linea MACD divergono (setup di inversione)""}, {""date"": ""2026-06-04"", ""label"": ""Divergenza RSI ribassista"", ""detail"": ""divergenza prezzo / RSI"", ""kind"": ""confirmation""}, {""date"": ""2026-06-10"", ""label"": ""MACD cross ribassista"", ""detail"": ""incrocio MACD nel verso del segnale"", ""kind"": ""confirmation""}], ""factors"": {""divergence_amplitude"": 0.563155596334077, ""trend_context"": 1.0, ""confirmation_count"": 1.0}, ""invalidation"": null, ""sources"": [""Appel MACD; regular divergence as a momentum-reversal read""], ""annotations"": {""levels"": [], ""points"": [{""date"": ""2026-04-21"", ""price"": 137.92}, {""date"": ""2026-06-04"", ""price"": 144.02}]}, ""atr"": 3.209238590107203, ""horizon"": ""long"", ""regime_at_fire"": ""bull"", ""first_emitted_at"": ""2026-06-12T13:12:41.279881+00:00"", ""amended_at"": ""2026-06-12T16:57:40.731915+00:00"", ""amend_count"": 2, ""first_price"": 143.98, ""first_atr"": 3.1892929786101627, ""first_contesto"": {""versione"": ""1"", ""ret_1"": 0.0133014, ""ret_5"": 0.0111665, ""ret_21"": 0.0665975, ""ret_63"": 0.239391, ""ret_126"": 0.216253, ""ret_252"": 0.607637, ""atr_pct"": 0.0221509, ""dist_sma20"": 1.15872, ""dist_sma50"": 2.72317, ""dist_sma200"": 7.86193, ""atr_rank"": 0.837302, ""rsi14"": 62.0604, ""dist_hi252"": -0.00717142, ""dist_lo252"": 0.64718, ""vol_ratio"": 0.661479, ""vol20"": 0.0128456, ""log_dollar_vol"": 20.0178, ""range_pos20"": 0.995556, ""gap"": 0.0108382}}",,,2026-06-12 13:12:41.279881+00
15260,272,2026-07-08 16:30:54.184636+00,2026-07-02,high52_momentum,146.6200,"{""tone"": ""bull"", ""strength"": 64, ""probability"": 55, ""chain"": [{""date"": ""2026-07-01"", ""label"": ""Candela di rifiuto"", ""detail"": ""pattern morning_star"", ""kind"": ""confirmation""}, {""date"": ""2026-07-02"", ""label"": ""Vicino al massimo 52 settimane"", ""detail"": ""prezzo a 98.7% del massimo a 52w""}, {""date"": ""2026-07-02"", ""label"": ""Trend rialzista"", ""detail"": ""EMA lunga in salita: momentum confermato""}, {""date"": ""2026-07-02"", ""label"": ""Conferma breakout/volume"", ""detail"": ""momentum corroborato da rottura o spike di volume""}, {""date"": ""2026-07-02"", ""label"": ""Trend ADX in rafforzamento"", ""detail"": ""ADX conferma la forza del trend"", ""kind"": ""confirmation""}], ""factors"": {""proximity"": 0.5202020202020226, ""trend"": 1.0, ""momentum"": 0.9675414364640885, ""confirmation"": 1.0, ""trend_maturity"": 1.0, ""confirmation_count"": 0.6666666666666666}, ""invalidation"": {""level"": 90.58, ""reason"": ""rottura del minimo a 52 settimane""}, ""sources"": [""George & Hwang, \""The 52-Week High and Momentum Investing\"" (J. Finance 2004)""], ""annotations"": {""levels"": [{""label"": ""Max 52 settimane"", ""price"": 148.5, ""kind"": ""resistance""}, {""label"": ""Stop / invalidazione"", ""price"": 90.58, ""kind"": ""stop""}], ""points"": []}, ""atr"": 3.3586388070565953, ""horizon"": ""long"", ""regime_at_fire"": ""bull"", ""first_emitted_at"": ""2026-07-05T23:55:05.936845+00:00"", ""amended_at"": ""2026-07-08T16:30:54.184636+00:00"", ""amend_count"": 6, ""first_price"": 146.62, ""first_atr"": 3.3586387944578258, ""first_contesto"": {""versione"": ""1"", ""ret_1"": 0.00410903, ""ret_5"": 0.00818263, ""ret_21"": 0.0377973, ""ret_63"": 0.212036, ""ret_126"": 0.254556, ""ret_252"": 0.61743, ""atr_pct"": 0.0229071, ""dist_sma20"": 0.761618, ""dist_sma50"": 2.21268, ""dist_sma200"": 7.48141, ""atr_rank"": 0.765873, ""rsi14"": 59.5859, ""dist_hi252"": -0.0126599, ""dist_lo252"": 0.61868, ""vol_ratio"": 0.629307, ""vol20"": 0.0145996, ""log_dollar_vol"": 20.2019, ""range_pos20"": 0.911141, ""gap"": 0.00951924}}",,,2026-07-05 23:55:05.936845+00
10048,272,2026-05-23 02:17:58+00,2026-05-21,high52_momentum,138.9800,"{""tone"": ""bull"", ""confidence"": 92, ""chain"": [{""date"": ""2026-05-21"", ""label"": ""Vicino al massimo 52 settimane"", ""detail"": ""prezzo a 99.6% del massimo a 52w""}, {""date"": ""2026-05-21"", ""label"": ""Trend rialzista"", ""detail"": ""EMA lunga in salita: momentum confermato""}], ""factors"": {""proximity"": 0.8590910176494448, ""trend"": 1.0, ""momentum"": 0.9886886503067484}, ""invalidation"": {""level"": 87.41, ""reason"": ""rottura del minimo a 52 settimane""}, ""sources"": [""George & Hwang, \""The 52-Week High and Momentum Investing\"" (J. Finance 2004)""], ""atr"": 2.824897003498448, ""horizon"": ""long"", ""strength"": 92, ""probability"": 55, ""first_price"": 139.15, ""first_atr"": 2.824897003498448, ""first_invalidation"": {""level"": 87.41, ""reason"": ""rottura del minimo a 52 settimane""}, ""first_horizon"": ""long"", ""first_strength"": 92, ""first_factors"": {""proximity"": 0.8590910176494448, ""trend"": 1.0, ""momentum"": 0.9886886503067484}, ""first_contesto"": {""versione"": ""1"", ""ret_1"": 0.0012232, ""ret_5"": 0.0305881, ""ret_21"": 0.0275439, ""ret_63"": 0.204345, ""ret_126"": 0.294298, ""ret_252"": 0.565242, ""atr_pct"": 0.0203011, ""dist_sma20"": 1.68838, ""dist_sma50"": 3.85657, ""dist_sma200"": 8.13612, ""atr_rank"": 0.714286, ""rsi14"": 68.5219, ""dist_hi252"": -0.0115783, ""dist_lo252"": 0.591923, ""vol_ratio"": 1.03085, ""vol20"": 0.0103078, ""log_dollar_vol"": 19.9702, ""range_pos20"": 1.0, ""gap"": 0.00438912}}",,2026-05-25 17:48:55.189432+00,2026-05-23 02:17:58+00
