id,stock_id,lens,captured_on,composite,pillars,captured_at
194,272,qualita,2026-06-09,68,"{""quality"": 60.405, ""profitability"": 41.08, ""sustainability"": 79.73, ""growth"": 80.52, ""value"": 55.85, ""sentiment"": 66.3}",2026-06-09 18:55:33+00
1688,272,tecnico,2026-06-09,80.4,"{""trend"": 99.2, ""momentum"": 61.4, ""structure"": 94.4, ""volume"": 51.9, ""rel_strength"": 82.6, ""signals"": 71.0}",2026-06-09 18:55:33+00
3118,272,qualita,2026-06-10,68.1,"{""quality"": 60.405, ""profitability"": 41.08, ""sustainability"": 79.73, ""growth"": 80.52, ""value"": 56.31, ""sentiment"": 66.3}",2026-06-09 23:50:32+00
4612,272,tecnico,2026-06-10,80.4,"{""trend"": 99.2, ""momentum"": 61.4, ""structure"": 94.4, ""volume"": 51.9, ""rel_strength"": 82.9, ""signals"": null}",2026-06-09 23:50:32+00
6042,272,qualita,2026-06-11,68,"{""quality"": 60.49, ""profitability"": 41.25, ""sustainability"": 79.73, ""growth"": 80.59, ""value"": 56.1, ""sentiment"": 65.97}",2026-06-11 11:26:31+00
7536,272,tecnico,2026-06-11,76.9,"{""trend"": 98.4, ""momentum"": 52.6, ""structure"": 90.9, ""volume"": 48.7, ""rel_strength"": 81.5, ""signals"": null}",2026-06-11 11:26:31+00
8966,272,qualita,2026-06-12,68,"{""quality"": 60.49, ""profitability"": 41.25, ""sustainability"": 79.73, ""growth"": 80.59, ""value"": 56.1, ""sentiment"": 65.55}",2026-06-12 13:21:55+00
10460,272,tecnico,2026-06-12,77.9,"{""trend"": 98.0, ""momentum"": 54.5, ""structure"": 95.0, ""volume"": 49.1, ""rel_strength"": 81.3, ""signals"": null}",2026-06-12 13:21:55+00
11890,272,qualita,2026-06-15,67.8,"{""quality"": 60.405, ""profitability"": 41.08, ""sustainability"": 79.73, ""growth"": 80.5, ""value"": 56.15, ""sentiment"": 64.99}",2026-06-15 12:58:44+00
13384,272,tecnico,2026-06-15,79.1,"{""trend"": 97.8, ""momentum"": 57.2, ""structure"": 98.2, ""volume"": 48.9, ""rel_strength"": 81.9, ""signals"": null}",2026-06-15 12:58:44+00
14814,272,qualita,2026-06-16,67.9,"{""quality"": 60.405, ""profitability"": 41.08, ""sustainability"": 79.73, ""growth"": 80.5, ""value"": 56.45, ""sentiment"": 64.99}",2026-06-15 22:06:34+00
16308,272,tecnico,2026-06-16,79.1,"{""trend"": 97.8, ""momentum"": 57.2, ""structure"": 98.2, ""volume"": 48.9, ""rel_strength"": 81.8, ""signals"": null}",2026-06-15 22:06:34+00
17738,272,qualita,2026-06-17,68,"{""quality"": 60.405, ""profitability"": 41.08, ""sustainability"": 79.73, ""growth"": 80.42, ""value"": 57.15, ""sentiment"": 64.99}",2026-06-17 10:33:23+00
19232,272,tecnico,2026-06-17,79,"{""trend"": 97.8, ""momentum"": 57.2, ""structure"": 98.2, ""volume"": 48.9, ""rel_strength"": 81.5, ""signals"": null}",2026-06-17 10:33:23+00
20662,272,qualita,2026-06-18,68,"{""quality"": 60.405, ""profitability"": 41.08, ""sustainability"": 79.73, ""growth"": 80.42, ""value"": 57.48, ""sentiment"": 64.64}",2026-06-18 17:58:53+00
22156,272,tecnico,2026-06-18,79.1,"{""trend"": 97.8, ""momentum"": 57.2, ""structure"": 98.2, ""volume"": 48.9, ""rel_strength"": 81.7, ""signals"": null}",2026-06-18 17:58:53+00
23578,272,qualita,2026-06-22,67.9,"{""quality"": 60.3, ""profitability"": 40.87, ""sustainability"": 79.73, ""growth"": 80.51, ""value"": 57.34, ""sentiment"": 64.06}",2026-06-22 15:02:18+00
24577,272,tecnico,2026-06-22,77.5,"{""trend"": 97.9, ""momentum"": 55.6, ""structure"": 92.6, ""volume"": 46.8, ""rel_strength"": 81.4, ""signals"": null}",2026-06-22 15:02:18+00
25515,272,qualita,2026-06-23,67.8,"{""quality"": 60.215, ""profitability"": 40.7, ""sustainability"": 79.73, ""growth"": 80.71, ""value"": 56.46, ""sentiment"": 63.71}",2026-06-23 12:29:01+00
26514,272,tecnico,2026-06-23,77.2,"{""trend"": 97.9, ""momentum"": 55.6, ""structure"": 92.6, ""volume"": 46.8, ""rel_strength"": 80.1, ""signals"": null}",2026-06-23 12:29:01+00
27452,272,qualita,2026-06-25,67.7,"{""quality"": 60.3, ""profitability"": 40.87, ""sustainability"": 79.73, ""growth"": 80.4, ""value"": 56.02, ""sentiment"": 63.36}",2026-06-24 22:38:26+00
28451,272,tecnico,2026-06-25,77.6,"{""trend"": 97.9, ""momentum"": 55.6, ""structure"": 92.6, ""volume"": 46.8, ""rel_strength"": 81.8, ""signals"": null}",2026-06-24 22:38:26+00
29389,272,qualita,2026-07-01,67.8,"{""quality"": 59.68000000000001, ""profitability"": 39.63, ""sustainability"": 79.73, ""growth"": 80.41, ""value"": 57.03, ""sentiment"": 63.03}",2026-07-01 15:56:39+00
30388,272,tecnico,2026-07-01,75.6,"{""trend"": 95.8, ""momentum"": 49.9, ""structure"": 91.6, ""volume"": 52.0, ""rel_strength"": 79.5, ""signals"": null}",2026-07-01 15:56:39+00
31326,272,qualita,2026-07-02,67.1,"{""quality"": 58.025000000000006, ""profitability"": 36.32, ""sustainability"": 79.73, ""growth"": 77.6, ""value"": 57.82, ""sentiment"": 63.03}",2026-07-02 13:26:47+00
32325,272,tecnico,2026-07-02,75.9,"{""trend"": 95.8, ""momentum"": 49.9, ""structure"": 91.6, ""volume"": 52.0, ""rel_strength"": 80.9, ""signals"": null}",2026-07-02 13:26:47+00
33263,272,qualita,2026-07-03,67.3,"{""quality"": 58.785000000000004, ""profitability"": 37.84, ""sustainability"": 79.73, ""growth"": 78.38, ""value"": 58.8, ""sentiment"": 63.03}",2026-07-03 11:57:09+00
34262,272,tecnico,2026-07-03,76,"{""trend"": 95.8, ""momentum"": 49.9, ""structure"": 91.6, ""volume"": 52.0, ""rel_strength"": 81.3, ""signals"": null}",2026-07-03 11:57:09+00
35200,272,qualita,2026-07-07,67.8,"{""quality"": 60.275000000000006, ""profitability"": 40.82, ""sustainability"": 79.73, ""growth"": 80.47, ""value"": 57.1, ""sentiment"": 61.99}",2026-07-07 09:52:44+00
36175,272,tecnico,2026-07-07,77.9,"{""trend"": 93.1, ""momentum"": 54.6, ""structure"": 96.8, ""volume"": 58.2, ""rel_strength"": 81.4, ""signals"": null}",2026-07-07 09:52:44+00
37113,272,qualita,2026-07-08,68,"{""quality"": 60.14, ""profitability"": 40.55, ""sustainability"": 79.73, ""growth"": 80.4, ""value"": 57.32, ""sentiment"": 61.99}",2026-07-08 10:30:42+00
38088,272,tecnico,2026-07-08,78.3,"{""trend"": 93.1, ""momentum"": 54.6, ""structure"": 96.8, ""volume"": 58.2, ""rel_strength"": 83.4, ""signals"": null}",2026-07-08 10:30:42+00
39026,272,qualita,2026-07-12,67.4,"{""quality"": 59.755, ""profitability"": 39.78, ""sustainability"": 79.73, ""growth"": 80.13, ""value"": 55.94, ""sentiment"": 58.65}",2026-07-12 23:39:46+00
40001,272,tecnico,2026-07-12,81,"{""trend"": 93.6, ""momentum"": 62.6, ""structure"": 98.1, ""volume"": 56.9, ""rel_strength"": 86.1, ""signals"": 64.0}",2026-07-12 23:39:46+00
40939,272,qualita,2026-07-13,67,"{""quality"": 59.455, ""profitability"": 39.18, ""sustainability"": 79.73, ""growth"": 79.19, ""value"": 56.22, ""sentiment"": 58.65}",2026-07-13 18:41:43+00
41914,272,tecnico,2026-07-13,81,"{""trend"": 93.6, ""momentum"": 62.6, ""structure"": 98.1, ""volume"": 56.9, ""rel_strength"": 86.2, ""signals"": 64.0}",2026-07-13 18:41:43+00
42852,272,qualita,2026-07-14,66.1,"{""quality"": 59.635000000000005, ""profitability"": 39.54, ""sustainability"": 79.73, ""growth"": 74.27, ""value"": 58.74, ""sentiment"": 58.65}",2026-07-14 18:48:30+00
43827,272,tecnico,2026-07-14,81.2,"{""trend"": 93.6, ""momentum"": 62.6, ""structure"": 98.1, ""volume"": 56.9, ""rel_strength"": 87.0, ""signals"": 64.0}",2026-07-14 18:48:30+00
44765,272,qualita,2026-07-15,65.5,"{""quality"": 59.755, ""profitability"": 39.78, ""sustainability"": 79.73, ""growth"": 74.36, ""value"": 56.4, ""sentiment"": 58.65}",2026-07-15 18:46:05+00
45740,272,tecnico,2026-07-15,81.1,"{""trend"": 93.6, ""momentum"": 62.6, ""structure"": 98.1, ""volume"": 56.9, ""rel_strength"": 86.7, ""signals"": 64.0}",2026-07-15 18:46:05+00
46698,272,qualita,2026-07-16,65.3,"{""quality"": 59.755, ""profitability"": 39.78, ""sustainability"": 79.73, ""growth"": 74.36, ""value"": 56.4, ""sentiment"": 57.43}",2026-07-16 10:52:36.080719+00
47653,272,tecnico,2026-07-16,81.2,"{""trend"": 93.6, ""momentum"": 62.6, ""structure"": 98.1, ""volume"": 56.9, ""rel_strength"": 87.2, ""signals"": 64.0}",2026-07-16 10:52:36.080719+00
48595,272,qualita,2026-07-17,65.2,"{""quality"": 59.755, ""profitability"": 39.78, ""sustainability"": 79.73, ""growth"": 74.36, ""value"": 56.45, ""sentiment"": 57.43}",2026-07-17 00:00:13.375004+00
49566,272,tecnico,2026-07-17,81.3,"{""trend"": 93.6, ""momentum"": 62.6, ""structure"": 98.1, ""volume"": 56.9, ""rel_strength"": 87.7, ""signals"": 64.0}",2026-07-17 00:00:13.375004+00
50875,272,qualita,2026-07-18,65.5,"{""quality"": 59.755, ""profitability"": 39.78, ""sustainability"": 79.73, ""growth"": 74.84, ""value"": 56.16, ""sentiment"": 58.65}",2026-07-18 11:02:07.370953+00
51489,272,tecnico,2026-07-18,81.3,"{""trend"": 93.6, ""momentum"": 62.6, ""structure"": 98.1, ""volume"": 56.9, ""rel_strength"": 87.7, ""signals"": 64.0}",2026-07-18 11:02:07.370953+00
52824,272,qualita,2026-07-19,65.5,"{""quality"": 59.755, ""profitability"": 39.78, ""sustainability"": 79.73, ""growth"": 74.77, ""value"": 56.11, ""sentiment"": 58.65}",2026-07-19 23:46:41.884765+00
53418,272,tecnico,2026-07-19,81.3,"{""trend"": 93.6, ""momentum"": 62.6, ""structure"": 98.1, ""volume"": 56.9, ""rel_strength"": 87.7, ""signals"": 64.0}",2026-07-19 23:46:41.884765+00
54260,272,qualita,2026-07-20,65.5,"{""quality"": 59.755, ""profitability"": 39.78, ""sustainability"": 79.73, ""growth"": 74.77, ""value"": 56.11, ""sentiment"": 58.65}",2026-07-20 18:47:57.316512+00
55347,272,tecnico,2026-07-20,81.3,"{""trend"": 93.6, ""momentum"": 62.6, ""structure"": 98.1, ""volume"": 56.9, ""rel_strength"": 87.7, ""signals"": 64.0}",2026-07-20 18:47:57.316512+00
56200,272,qualita,2026-07-21,65.5,"{""quality"": 59.755, ""profitability"": 39.78, ""sustainability"": 79.73, ""growth"": 74.77, ""value"": 56.24, ""sentiment"": 58.65}",2026-07-21 13:40:11.1662+00
57276,272,tecnico,2026-07-21,81.5,"{""trend"": 93.6, ""momentum"": 62.6, ""structure"": 98.1, ""volume"": 56.9, ""rel_strength"": 88.8, ""signals"": 64.0}",2026-07-21 13:40:11.1662+00
58150,272,qualita,2026-07-22,67.5,"{""quality"": 59.760000000000005, ""profitability"": 39.79, ""sustainability"": 79.73, ""growth"": 79.84, ""value"": 61.62, ""sentiment"": 58.65}",2026-07-22 13:50:11.127714+00
59205,272,tecnico,2026-07-22,81.4,"{""trend"": 93.6, ""momentum"": 62.6, ""structure"": 98.1, ""volume"": 56.9, ""rel_strength"": 88.1, ""signals"": 64.0}",2026-07-22 13:50:11.127714+00
60061,272,qualita,2026-07-23,67.7,"{""quality"": 59.56, ""profitability"": 39.39, ""sustainability"": 79.73, ""growth"": 79.62, ""value"": 61.18, ""sentiment"": 58.65}",2026-07-23 11:42:12.709238+00
61092,272,tecnico,2026-07-23,81.4,"{""trend"": 93.6, ""momentum"": 62.6, ""structure"": 98.1, ""volume"": 56.9, ""rel_strength"": 88.3, ""signals"": null}",2026-07-23 11:42:12.709238+00
62019,272,qualita,2026-07-24,67.6,"{""quality"": 59.56, ""profitability"": 39.39, ""sustainability"": 79.73, ""growth"": 79.62, ""value"": 61.18, ""sentiment"": 58.3}",2026-07-24 00:19:42.644994+00
63021,272,tecnico,2026-07-24,81.6,"{""trend"": 93.6, ""momentum"": 62.6, ""structure"": 98.1, ""volume"": 56.9, ""rel_strength"": 89.1, ""signals"": null}",2026-07-24 00:19:42.644994+00
63835,272,qualita,2026-07-25,67.4,"{""quality"": 59.515, ""profitability"": 39.3, ""sustainability"": 79.73, ""growth"": 79.43, ""value"": 61.39, ""sentiment"": 57.43}",2026-07-25 23:41:01.321558+00
64951,272,tecnico,2026-07-25,81.6,"{""trend"": 93.6, ""momentum"": 62.6, ""structure"": 98.1, ""volume"": 56.9, ""rel_strength"": 89.2, ""signals"": null}",2026-07-25 23:41:01.321558+00
65759,272,qualita,2026-07-26,67.4,"{""quality"": 59.515, ""profitability"": 39.3, ""sustainability"": 79.73, ""growth"": 79.44, ""value"": 61.37, ""sentiment"": 57.43}",2026-07-26 23:41:07.530351+00
66923,272,tecnico,2026-07-26,81.6,"{""trend"": 93.6, ""momentum"": 62.6, ""structure"": 98.1, ""volume"": 56.9, ""rel_strength"": 89.2, ""signals"": null}",2026-07-26 23:41:07.530351+00
67752,272,qualita,2026-07-27,67.4,"{""quality"": 59.485, ""profitability"": 39.24, ""sustainability"": 79.73, ""growth"": 79.41, ""value"": 61.6, ""sentiment"": 57.43}",2026-07-27 18:45:30.648756+00
68811,272,tecnico,2026-07-27,81.6,"{""trend"": 93.6, ""momentum"": 62.6, ""structure"": 98.1, ""volume"": 56.9, ""rel_strength"": 89.2, ""signals"": null}",2026-07-27 18:45:30.648756+00
69671,272,qualita,2026-07-28,27,"{""quality"": null, ""profitability"": null, ""sustainability"": null, ""growth"": null, ""value"": null, ""sentiment"": 0.0}",2026-07-28 18:42:14.468753+00
70741,272,tecnico,2026-07-28,81.7,"{""trend"": 93.6, ""momentum"": 62.6, ""structure"": 98.1, ""volume"": 56.9, ""rel_strength"": 89.5, ""signals"": null}",2026-07-28 18:42:14.468753+00
71666,272,qualita,2026-07-29,30.2,"{""quality"": null, ""profitability"": null, ""sustainability"": null, ""growth"": null, ""value"": null, ""sentiment"": 45.74}",2026-07-29 10:57:30.201667+00
72714,272,tecnico,2026-07-29,81.7,"{""trend"": 93.6, ""momentum"": 62.6, ""structure"": 98.1, ""volume"": 56.9, ""rel_strength"": 89.5, ""signals"": null}",2026-07-29 10:57:30.201667+00
73801,272,qualita,2026-07-30,28.5,"{""quality"": null, ""profitability"": null, ""sustainability"": null, ""growth"": null, ""value"": null, ""sentiment"": 45.74}",2026-07-30 09:30:08.496051+00
74646,272,tecnico,2026-07-30,81.9,"{""trend"": 93.6, ""momentum"": 62.6, ""structure"": 98.1, ""volume"": 56.9, ""rel_strength"": 90.5, ""signals"": null}",2026-07-30 09:30:08.496051+00
75433,272,qualita,2026-07-31,47.4,"{""quality"": null, ""profitability"": null, ""sustainability"": null, ""growth"": null, ""value"": null, ""sentiment"": 45.74}",2026-07-31 16:04:12.594128+00
76533,272,tecnico,2026-07-31,81.7,"{""trend"": 93.6, ""momentum"": 62.6, ""structure"": 98.1, ""volume"": 56.9, ""rel_strength"": 89.5, ""signals"": null}",2026-07-31 16:04:12.594128+00
77404,272,qualita,2026-08-01,47.4,"{""quality"": null, ""profitability"": null, ""sustainability"": null, ""growth"": null, ""value"": null, ""sentiment"": 45.74}",2026-08-01 23:38:25.707155+00
78504,272,tecnico,2026-08-01,81.8,"{""trend"": 93.6, ""momentum"": 62.6, ""structure"": 98.1, ""volume"": 56.9, ""rel_strength"": 90.1, ""signals"": null}",2026-08-01 23:38:25.707155+00
79332,272,qualita,2026-08-02,47.4,"{""quality"": null, ""profitability"": null, ""sustainability"": null, ""growth"": null, ""value"": null, ""sentiment"": 45.74}",2026-08-02 23:24:34.574144+00
80391,272,tecnico,2026-08-02,81.8,"{""trend"": 93.6, ""momentum"": 62.6, ""structure"": 98.1, ""volume"": 56.9, ""rel_strength"": 90.1, ""signals"": null}",2026-08-02 23:24:34.574144+00
81258,272,qualita,2026-08-03,47.4,"{""quality"": null, ""profitability"": null, ""sustainability"": null, ""growth"": null, ""value"": null, ""sentiment"": 45.74}",2026-08-03 09:24:44.411043+00
82320,272,tecnico,2026-08-03,81.8,"{""trend"": 93.6, ""momentum"": 62.6, ""structure"": 98.1, ""volume"": 56.9, ""rel_strength"": 90.1, ""signals"": null}",2026-08-03 09:24:44.411043+00
83157,272,qualita,2026-08-04,47.4,"{""quality"": null, ""profitability"": null, ""sustainability"": null, ""growth"": null, ""value"": null, ""sentiment"": 45.74}",2026-08-04 10:07:09.743761+00
84235,272,tecnico,2026-08-04,81.6,"{""trend"": 93.6, ""momentum"": 62.6, ""structure"": 98.1, ""volume"": 56.9, ""rel_strength"": 89.3, ""signals"": null}",2026-08-04 10:07:09.743761+00
85147,272,qualita,2026-08-05,47.4,"{""quality"": null, ""profitability"": null, ""sustainability"": null, ""growth"": null, ""value"": null, ""sentiment"": 45.74}",2026-08-05 12:23:46.465799+00
86216,272,tecnico,2026-08-05,81.4,"{""trend"": 93.6, ""momentum"": 62.6, ""structure"": 98.1, ""volume"": 56.9, ""rel_strength"": 88.3, ""signals"": null}",2026-08-05 12:23:46.465799+00
87067,272,qualita,2026-08-06,47.4,"{""quality"": null, ""profitability"": null, ""sustainability"": null, ""growth"": null, ""value"": null, ""sentiment"": 45.74}",2026-08-06 00:40:49.691151+00
88125,272,tecnico,2026-08-06,81.6,"{""trend"": 93.6, ""momentum"": 62.6, ""structure"": 98.1, ""volume"": 56.9, ""rel_strength"": 89.0, ""signals"": null}",2026-08-06 00:40:49.691151+00
89147,272,qualita,2026-08-07,47.4,"{""quality"": null, ""profitability"": null, ""sustainability"": null, ""growth"": null, ""value"": null, ""sentiment"": 45.74}",2026-08-07 18:40:40.561902+00
90054,272,tecnico,2026-08-07,81.6,"{""trend"": 93.6, ""momentum"": 62.6, ""structure"": 98.1, ""volume"": 56.9, ""rel_strength"": 89.4, ""signals"": null}",2026-08-07 18:40:40.561902+00
90860,272,qualita,2026-08-08,47.4,"{""quality"": null, ""profitability"": null, ""sustainability"": null, ""growth"": null, ""value"": null, ""sentiment"": 45.74}",2026-08-08 23:38:44.35156+00
91984,272,tecnico,2026-08-08,81.4,"{""trend"": 93.6, ""momentum"": 62.6, ""structure"": 98.1, ""volume"": 56.9, ""rel_strength"": 88.4, ""signals"": null}",2026-08-08 23:38:44.35156+00
178006,272,qualita,2026-09-24,46.1,"{""quality"": null, ""profitability"": null, ""sustainability"": null, ""growth"": null, ""value"": null, ""sentiment"": 44.44}",2026-09-24 10:29:14.617519+00
92796,272,qualita,2026-08-09,47.4,"{""quality"": null, ""profitability"": null, ""sustainability"": null, ""growth"": null, ""value"": null, ""sentiment"": 45.74}",2026-08-09 23:39:00.430671+00
93827,272,tecnico,2026-08-09,81.4,"{""trend"": 93.6, ""momentum"": 62.6, ""structure"": 98.1, ""volume"": 56.9, ""rel_strength"": 88.4, ""signals"": null}",2026-08-09 23:39:00.430671+00
94727,272,qualita,2026-08-10,46.6,"{""quality"": null, ""profitability"": null, ""sustainability"": null, ""growth"": null, ""value"": null, ""sentiment"": 44.44}",2026-08-10 18:39:59.19672+00
95846,272,tecnico,2026-08-10,81.5,"{""trend"": 93.6, ""momentum"": 62.6, ""structure"": 98.1, ""volume"": 56.9, ""rel_strength"": 88.5, ""signals"": null}",2026-08-10 18:39:59.19672+00
96663,272,qualita,2026-08-11,46.1,"{""quality"": null, ""profitability"": null, ""sustainability"": null, ""growth"": null, ""value"": null, ""sentiment"": 44.44}",2026-08-11 18:41:03.89079+00
97669,272,tecnico,2026-08-11,81.5,"{""trend"": 93.6, ""momentum"": 62.6, ""structure"": 98.1, ""volume"": 56.9, ""rel_strength"": 88.8, ""signals"": null}",2026-08-11 18:41:03.89079+00
98595,272,qualita,2026-08-12,46.1,"{""quality"": null, ""profitability"": null, ""sustainability"": null, ""growth"": null, ""value"": null, ""sentiment"": 44.44}",2026-08-12 18:54:37.610804+00
99599,272,tecnico,2026-08-12,81.5,"{""trend"": 93.6, ""momentum"": 62.6, ""structure"": 98.1, ""volume"": 56.9, ""rel_strength"": 88.8, ""signals"": null}",2026-08-12 18:54:37.610804+00
100534,272,qualita,2026-08-13,46.1,"{""quality"": null, ""profitability"": null, ""sustainability"": null, ""growth"": null, ""value"": null, ""sentiment"": 44.44}",2026-08-13 18:46:04.559787+00
101528,272,tecnico,2026-08-13,81.4,"{""trend"": 93.6, ""momentum"": 62.6, ""structure"": 98.1, ""volume"": 56.9, ""rel_strength"": 88.2, ""signals"": null}",2026-08-13 18:46:04.559787+00
102463,272,qualita,2026-08-14,46.1,"{""quality"": null, ""profitability"": null, ""sustainability"": null, ""growth"": null, ""value"": null, ""sentiment"": 44.44}",2026-08-14 18:43:27.588825+00
103457,272,tecnico,2026-08-14,81.3,"{""trend"": 93.6, ""momentum"": 62.6, ""structure"": 98.1, ""volume"": 56.9, ""rel_strength"": 87.9, ""signals"": null}",2026-08-14 18:43:27.588825+00
104397,272,qualita,2026-08-15,46.1,"{""quality"": null, ""profitability"": null, ""sustainability"": null, ""growth"": null, ""value"": null, ""sentiment"": 44.44}",2026-08-15 23:41:58.347486+00
105386,272,tecnico,2026-08-15,81.5,"{""trend"": 93.6, ""momentum"": 62.6, ""structure"": 98.1, ""volume"": 56.9, ""rel_strength"": 88.5, ""signals"": null}",2026-08-15 23:41:58.347486+00
106323,272,qualita,2026-08-16,46.1,"{""quality"": null, ""profitability"": null, ""sustainability"": null, ""growth"": null, ""value"": null, ""sentiment"": 44.44}",2026-08-16 23:39:12.952587+00
107433,272,tecnico,2026-08-16,81.5,"{""trend"": 93.6, ""momentum"": 62.6, ""structure"": 98.1, ""volume"": 56.9, ""rel_strength"": 88.5, ""signals"": null}",2026-08-16 23:39:12.952587+00
108259,272,qualita,2026-08-17,46.1,"{""quality"": null, ""profitability"": null, ""sustainability"": null, ""growth"": null, ""value"": null, ""sentiment"": 44.44}",2026-08-17 18:42:02.979301+00
109247,272,tecnico,2026-08-17,81.5,"{""trend"": 93.6, ""momentum"": 62.6, ""structure"": 98.1, ""volume"": 56.9, ""rel_strength"": 88.6, ""signals"": null}",2026-08-17 18:42:02.979301+00
110189,272,qualita,2026-08-18,46.1,"{""quality"": null, ""profitability"": null, ""sustainability"": null, ""growth"": null, ""value"": null, ""sentiment"": 44.44}",2026-08-18 18:46:25.911159+00
111178,272,tecnico,2026-08-18,81.4,"{""trend"": 93.6, ""momentum"": 62.6, ""structure"": 98.1, ""volume"": 56.9, ""rel_strength"": 88.4, ""signals"": null}",2026-08-18 18:46:25.911159+00
112122,272,qualita,2026-08-19,46.1,"{""quality"": null, ""profitability"": null, ""sustainability"": null, ""growth"": null, ""value"": null, ""sentiment"": 44.44}",2026-08-19 18:59:04.819285+00
113109,272,tecnico,2026-08-19,81.5,"{""trend"": 93.6, ""momentum"": 62.6, ""structure"": 98.1, ""volume"": 56.9, ""rel_strength"": 88.8, ""signals"": null}",2026-08-19 18:59:04.819285+00
114138,272,qualita,2026-08-20,46.1,"{""quality"": null, ""profitability"": null, ""sustainability"": null, ""growth"": null, ""value"": null, ""sentiment"": 44.44}",2026-08-20 00:20:02.605552+00
115038,272,tecnico,2026-08-20,81.5,"{""trend"": 93.6, ""momentum"": 62.6, ""structure"": 98.1, ""volume"": 56.9, ""rel_strength"": 88.9, ""signals"": null}",2026-08-20 00:20:02.605552+00
116080,272,qualita,2026-08-21,46.1,"{""quality"": null, ""profitability"": null, ""sustainability"": null, ""growth"": null, ""value"": null, ""sentiment"": 44.44}",2026-08-21 18:45:25.030413+00
116966,272,tecnico,2026-08-21,81.5,"{""trend"": 93.6, ""momentum"": 62.6, ""structure"": 98.1, ""volume"": 56.9, ""rel_strength"": 88.9, ""signals"": null}",2026-08-21 18:45:25.030413+00
117897,272,qualita,2026-08-22,46.1,"{""quality"": null, ""profitability"": null, ""sustainability"": null, ""growth"": null, ""value"": null, ""sentiment"": 44.44}",2026-08-22 23:42:40.328104+00
118897,272,tecnico,2026-08-22,81.5,"{""trend"": 93.6, ""momentum"": 62.6, ""structure"": 98.1, ""volume"": 56.9, ""rel_strength"": 88.6, ""signals"": null}",2026-08-22 23:42:40.328104+00
119831,272,qualita,2026-08-23,46.1,"{""quality"": null, ""profitability"": null, ""sustainability"": null, ""growth"": null, ""value"": null, ""sentiment"": 44.44}",2026-08-23 23:38:03.110544+00
120956,272,tecnico,2026-08-23,81.5,"{""trend"": 93.6, ""momentum"": 62.6, ""structure"": 98.1, ""volume"": 56.9, ""rel_strength"": 88.6, ""signals"": null}",2026-08-23 23:38:03.110544+00
121781,272,qualita,2026-08-24,46.1,"{""quality"": null, ""profitability"": null, ""sustainability"": null, ""growth"": null, ""value"": null, ""sentiment"": 44.44}",2026-08-24 18:41:38.668222+00
122767,272,tecnico,2026-08-24,81.4,"{""trend"": 93.6, ""momentum"": 62.6, ""structure"": 98.1, ""volume"": 56.9, ""rel_strength"": 88.4, ""signals"": null}",2026-08-24 18:41:38.668222+00
123723,272,qualita,2026-08-25,46.1,"{""quality"": null, ""profitability"": null, ""sustainability"": null, ""growth"": null, ""value"": null, ""sentiment"": 44.44}",2026-08-25 18:47:56.456109+00
124700,272,tecnico,2026-08-25,81.5,"{""trend"": 93.6, ""momentum"": 62.6, ""structure"": 98.1, ""volume"": 56.9, ""rel_strength"": 88.8, ""signals"": null}",2026-08-25 18:47:56.456109+00
125664,272,qualita,2026-08-26,35,"{""quality"": null, ""profitability"": null, ""sustainability"": null, ""growth"": null, ""value"": null, ""sentiment"": 44.44}",2026-08-26 16:43:39.096523+00
126633,272,tecnico,2026-08-26,81.6,"{""trend"": 93.6, ""momentum"": 62.6, ""structure"": 98.1, ""volume"": 56.9, ""rel_strength"": 89.5, ""signals"": null}",2026-08-26 16:43:39.096523+00
127686,272,qualita,2026-08-27,45.8,"{""quality"": null, ""profitability"": null, ""sustainability"": null, ""growth"": null, ""value"": null, ""sentiment"": 44.44}",2026-08-27 01:02:34.667338+00
128566,272,tecnico,2026-08-27,81.7,"{""trend"": 93.6, ""momentum"": 62.6, ""structure"": 98.1, ""volume"": 56.9, ""rel_strength"": 89.6, ""signals"": null}",2026-08-27 01:02:34.667338+00
129601,272,qualita,2026-08-28,18.4,"{""quality"": null, ""profitability"": null, ""sustainability"": null, ""growth"": null, ""value"": null, ""sentiment"": 0.0}",2026-08-28 12:32:33.178603+00
130631,272,tecnico,2026-08-28,81.6,"{""trend"": 93.6, ""momentum"": 62.6, ""structure"": 98.1, ""volume"": 56.9, ""rel_strength"": 89.1, ""signals"": null}",2026-08-28 12:32:33.178603+00
131555,272,qualita,2026-08-29,32.5,"{""quality"": null, ""profitability"": null, ""sustainability"": null, ""growth"": null, ""value"": null, ""sentiment"": 44.44}",2026-08-29 23:44:27.588923+00
132566,272,tecnico,2026-08-29,81.7,"{""trend"": 93.6, ""momentum"": 62.6, ""structure"": 98.1, ""volume"": 56.9, ""rel_strength"": 89.7, ""signals"": null}",2026-08-29 23:44:27.588923+00
133489,272,qualita,2026-08-30,40.7,"{""quality"": null, ""profitability"": null, ""sustainability"": null, ""growth"": null, ""value"": null, ""sentiment"": 44.44}",2026-08-30 23:40:56.955309+00
134369,272,tecnico,2026-08-30,81.7,"{""trend"": 93.6, ""momentum"": 62.6, ""structure"": 98.1, ""volume"": 56.9, ""rel_strength"": 89.7, ""signals"": null}",2026-08-30 23:40:56.955309+00
135423,272,qualita,2026-08-31,43.9,"{""quality"": null, ""profitability"": null, ""sustainability"": null, ""growth"": null, ""value"": null, ""sentiment"": 44.44}",2026-08-31 18:43:32.270805+00
136436,272,tecnico,2026-08-31,81.6,"{""trend"": 93.6, ""momentum"": 62.6, ""structure"": 98.1, ""volume"": 56.9, ""rel_strength"": 89.2, ""signals"": null}",2026-08-31 18:43:32.270805+00
137358,272,qualita,2026-09-01,45.7,"{""quality"": null, ""profitability"": null, ""sustainability"": null, ""growth"": null, ""value"": null, ""sentiment"": 44.44}",2026-09-01 15:52:44.774934+00
138374,272,tecnico,2026-09-01,81.7,"{""trend"": 93.6, ""momentum"": 62.6, ""structure"": 98.1, ""volume"": 56.9, ""rel_strength"": 89.7, ""signals"": null}",2026-09-01 15:52:44.774934+00
139324,272,qualita,2026-09-02,46.1,"{""quality"": null, ""profitability"": null, ""sustainability"": null, ""growth"": null, ""value"": null, ""sentiment"": 44.44}",2026-09-02 09:33:19.675452+00
140308,272,tecnico,2026-09-02,81.8,"{""trend"": 93.6, ""momentum"": 62.6, ""structure"": 98.1, ""volume"": 56.9, ""rel_strength"": 90.2, ""signals"": null}",2026-09-02 09:33:19.675452+00
141568,272,qualita,2026-09-03,46.1,"{""quality"": null, ""profitability"": null, ""sustainability"": null, ""growth"": null, ""value"": null, ""sentiment"": 44.44}",2026-09-03 10:00:22.278937+00
142244,272,tecnico,2026-09-03,81.8,"{""trend"": 93.6, ""momentum"": 62.6, ""structure"": 98.1, ""volume"": 56.9, ""rel_strength"": 90.0, ""signals"": null}",2026-09-03 10:00:22.278937+00
143597,272,qualita,2026-09-04,46.1,"{""quality"": null, ""profitability"": null, ""sustainability"": null, ""growth"": null, ""value"": null, ""sentiment"": 44.44}",2026-09-04 10:24:41.525336+00
144180,272,tecnico,2026-09-04,81.6,"{""trend"": 93.6, ""momentum"": 62.6, ""structure"": 98.1, ""volume"": 56.9, ""rel_strength"": 89.2, ""signals"": null}",2026-09-04 10:24:41.525336+00
145210,272,qualita,2026-09-05,46.1,"{""quality"": null, ""profitability"": null, ""sustainability"": null, ""growth"": null, ""value"": null, ""sentiment"": 44.44}",2026-09-05 00:34:09.469595+00
145973,272,tecnico,2026-09-05,81.4,"{""trend"": 93.6, ""momentum"": 62.6, ""structure"": 98.1, ""volume"": 56.9, ""rel_strength"": 88.4, ""signals"": null}",2026-09-05 00:34:09.469595+00
147615,272,qualita,2026-09-06,46.1,"{""quality"": null, ""profitability"": null, ""sustainability"": null, ""growth"": null, ""value"": null, ""sentiment"": 44.44}",2026-09-06 23:53:58.61221+00
148052,272,tecnico,2026-09-06,81.4,"{""trend"": 93.6, ""momentum"": 62.6, ""structure"": 98.1, ""volume"": 56.9, ""rel_strength"": 88.4, ""signals"": null}",2026-09-06 23:53:58.61221+00
149551,272,qualita,2026-09-07,46.1,"{""quality"": null, ""profitability"": null, ""sustainability"": null, ""growth"": null, ""value"": null, ""sentiment"": 44.44}",2026-09-07 10:41:40.062534+00
149845,272,tecnico,2026-09-07,81.4,"{""trend"": 93.6, ""momentum"": 62.6, ""structure"": 98.1, ""volume"": 56.9, ""rel_strength"": 88.4, ""signals"": null}",2026-09-07 10:41:40.062534+00
151487,272,qualita,2026-09-08,1.2,"{""quality"": null, ""profitability"": null, ""sustainability"": null, ""growth"": null, ""value"": null, ""sentiment"": 0.0}",2026-09-08 08:53:33.090137+00
151924,272,tecnico,2026-09-08,81.4,"{""trend"": 93.6, ""momentum"": 62.6, ""structure"": 98.1, ""volume"": 56.9, ""rel_strength"": 88.3, ""signals"": null}",2026-09-08 08:53:33.090137+00
153156,272,qualita,2026-09-09,28.1,"{""quality"": null, ""profitability"": null, ""sustainability"": null, ""growth"": null, ""value"": null, ""sentiment"": 44.44}",2026-09-09 08:57:54.549372+00
153712,272,tecnico,2026-09-09,81.7,"{""trend"": 93.6, ""momentum"": 62.6, ""structure"": 98.1, ""volume"": 56.9, ""rel_strength"": 89.7, ""signals"": null}",2026-09-09 08:57:54.549372+00
154832,272,qualita,2026-09-10,27.7,"{""quality"": null, ""profitability"": null, ""sustainability"": null, ""growth"": null, ""value"": null, ""sentiment"": 44.44}",2026-09-10 00:17:58.12824+00
155750,272,tecnico,2026-09-10,81.8,"{""trend"": 93.6, ""momentum"": 62.6, ""structure"": 98.1, ""volume"": 56.9, ""rel_strength"": 90.1, ""signals"": null}",2026-09-10 00:17:58.12824+00
156760,272,qualita,2026-09-11,0,"{""quality"": null, ""profitability"": null, ""sustainability"": null, ""growth"": null, ""value"": null, ""sentiment"": 0.0}",2026-09-11 14:13:14.206659+00
157572,272,tecnico,2026-09-11,81.9,"{""trend"": 93.6, ""momentum"": 62.6, ""structure"": 98.1, ""volume"": 56.9, ""rel_strength"": 90.7, ""signals"": null}",2026-09-11 14:13:14.206659+00
158842,272,qualita,2026-09-12,27.7,"{""quality"": null, ""profitability"": null, ""sustainability"": null, ""growth"": null, ""value"": null, ""sentiment"": 44.44}",2026-09-12 15:02:41.500212+00
159560,272,tecnico,2026-09-12,81.9,"{""trend"": 93.6, ""momentum"": 62.6, ""structure"": 98.1, ""volume"": 56.9, ""rel_strength"": 90.6, ""signals"": null}",2026-09-12 15:02:41.500212+00
160563,272,qualita,2026-09-13,45.9,"{""quality"": null, ""profitability"": null, ""sustainability"": null, ""growth"": null, ""value"": null, ""sentiment"": 44.44}",2026-09-13 00:08:22.837921+00
161440,272,tecnico,2026-09-13,81.9,"{""trend"": 93.6, ""momentum"": 62.6, ""structure"": 98.1, ""volume"": 56.9, ""rel_strength"": 90.6, ""signals"": null}",2026-09-13 00:08:22.837921+00
163088,272,qualita,2026-09-14,46.1,"{""quality"": null, ""profitability"": null, ""sustainability"": null, ""growth"": null, ""value"": null, ""sentiment"": 44.44}",2026-09-14 01:31:22.014475+00
163430,272,tecnico,2026-09-14,81.9,"{""trend"": 93.6, ""momentum"": 62.6, ""structure"": 98.1, ""volume"": 56.9, ""rel_strength"": 90.5, ""signals"": null}",2026-09-14 01:31:22.014475+00
164437,272,qualita,2026-09-15,46.1,"{""quality"": null, ""profitability"": null, ""sustainability"": null, ""growth"": null, ""value"": null, ""sentiment"": 44.44}",2026-09-15 14:33:24.711017+00
166350,272,qualita,2026-09-16,46.1,"{""quality"": null, ""profitability"": null, ""sustainability"": null, ""growth"": null, ""value"": null, ""sentiment"": 44.44}",2026-09-16 15:02:27.497388+00
168282,272,qualita,2026-09-17,46.1,"{""quality"": null, ""profitability"": null, ""sustainability"": null, ""growth"": null, ""value"": null, ""sentiment"": 44.44}",2026-09-17 22:03:31.864561+00
170199,272,qualita,2026-09-18,46.1,"{""quality"": null, ""profitability"": null, ""sustainability"": null, ""growth"": null, ""value"": null, ""sentiment"": 44.44}",2026-09-18 21:45:10.205664+00
172148,272,qualita,2026-09-21,46.1,"{""quality"": null, ""profitability"": null, ""sustainability"": null, ""growth"": null, ""value"": null, ""sentiment"": 44.44}",2026-09-21 00:16:06.466738+00
174087,272,qualita,2026-09-22,46.1,"{""quality"": null, ""profitability"": null, ""sustainability"": null, ""growth"": null, ""value"": null, ""sentiment"": 44.44}",2026-09-22 12:47:06.225686+00
176059,272,qualita,2026-09-23,46.1,"{""quality"": null, ""profitability"": null, ""sustainability"": null, ""growth"": null, ""value"": null, ""sentiment"": 44.44}",2026-09-23 14:04:11.819106+00
179963,272,qualita,2026-09-25,46.1,"{""quality"": null, ""profitability"": null, ""sustainability"": null, ""growth"": null, ""value"": null, ""sentiment"": 44.44}",2026-09-25 14:32:09.076008+00
181924,272,qualita,2026-09-26,46.1,"{""quality"": null, ""profitability"": null, ""sustainability"": null, ""growth"": null, ""value"": null, ""sentiment"": 44.44}",2026-09-26 13:05:40.999308+00
183890,272,qualita,2026-09-27,46.1,"{""quality"": null, ""profitability"": null, ""sustainability"": null, ""growth"": null, ""value"": null, ""sentiment"": 44.44}",2026-09-27 23:32:50.974179+00
185845,272,qualita,2026-09-28,46.1,"{""quality"": null, ""profitability"": null, ""sustainability"": null, ""growth"": null, ""value"": null, ""sentiment"": 44.44}",2026-09-28 21:49:13.809808+00
187807,272,qualita,2026-09-29,59.2,"{""quality"": null, ""profitability"": null, ""sustainability"": null, ""growth"": null, ""value"": null, ""sentiment"": 65.62}",2026-09-29 16:26:14.187602+00
189766,272,qualita,2026-09-30,53.5,"{""quality"": null, ""profitability"": null, ""sustainability"": null, ""growth"": null, ""value"": null, ""sentiment"": 44.44}",2026-09-30 21:44:01.418582+00
191725,272,qualita,2026-10-01,21.4,"{""quality"": null, ""profitability"": null, ""sustainability"": null, ""growth"": null, ""value"": null, ""sentiment"": 0.0}",2026-10-01 21:45:31.998661+00
193683,272,qualita,2026-10-02,49.4,"{""quality"": null, ""profitability"": null, ""sustainability"": null, ""growth"": null, ""value"": null, ""sentiment"": 65.62}",2026-10-02 22:01:42.234882+00
195631,272,qualita,2026-10-05,19.8,"{""quality"": null, ""profitability"": null, ""sustainability"": null, ""growth"": null, ""value"": null, ""sentiment"": 0.0}",2026-10-05 11:57:47.251625+00
197600,272,qualita,2026-10-06,3.2,"{""quality"": null, ""profitability"": null, ""sustainability"": null, ""growth"": null, ""value"": null, ""sentiment"": 0.0}",2026-10-06 16:19:08.531275+00
